Manager,Ling Cherry,LOA,83654,3128378891,Active,8/20/2023,Carissa SL-Cherry,Completed,Pizza gang
Row2A,rw,Row2C,was,,,,,,
Row3A,Row3B,Row3C,,,,,,,
Row4A,Row4B,Row4C,,,,,,,
Row5A,Row5B,Row5C,,,,,,,
Row6A,Row6B,Row6C,,,,,,,
Row7A,Row7B,Row7C,,,,,,,
Row8A,Row8B,Row8C,,,,,,,
Row9A,Row9B,Row9C,,,,,,,
Row10A,Row10B,Row10C,,,,,,,
Manager,Ling Cherry,LOA,asdwa,,,,,,
Row2A,rw,Row2C,was,,,,,,
Row3A,Row3B,Row3C,,,,,,,
Row4A,Row4B,Row4C,,,,,,,
Row5A,Row5B,Row5C,,,,,,,
Row6A,Row6B,Row6C,,,,,,,
Row7A,Row7B,Row7C,,,,,,,
Row8A,Row8B,Row8C,,,,,,,
Row9A,Row9B,Row9C,,,,,,,
Row10A,Row10B,Row10C,,,,,,,
